time,R,P,S
99900.19990019989,0.2858187251635722,0.5435606612107332,0.005643823553581987
99900.2999002999,0.2858187214651359,0.5435606560277014,0.005643823497265839
99900.3999003999,0.28581872244152307,0.5435606573960219,0.005643823512133301
99900.4999004999,0.28581872343956627,0.5435606587946913,0.00564382352733052
99900.5999005999,0.2858187244597458,0.5435606602243828,0.005643823542864809
99900.6999006999,0.2858187208158561,0.5435606551177933,0.005643823487379243
99900.7999007999,0.2858187217778491,0.5435606564659418,0.0056438235020275255
99900.8999008999,0.2858187227611791,0.5435606578439919,0.005643823517000705
99900.9999009999,0.2858187237663192,0.5435606592526069,0.005643823532305988
99901.0999010999,0.2858187247937533,0.543560660692465,0.005643823547950744
99901.1999011999,0.2858187211239807,0.5435606555496029,0.005643823492071059
99901.2999012999,0.28581872209281467,0.5435606569073382,0.0056438235068235094
99901.3999013999,0.2858187230831375,0.5435606582951882,0.00564382352190317
99901.4999014999,0.28581872409542575,0.5435606597138207,0.005643823537317299
99901.5999015999,0.28581872513016665,0.5435606611639187,0.0056438235530733155
99901.6999016999,0.2858187214343247,0.5435606559845227,0.005643823496796673
99901.7999017999,0.2858187224100489,0.5435606573519142,0.005643823511654042
99901.8999018999,0.28581872340741493,0.5435606587496347,0.005643823526840951
99901.9999019999,0.2858187244269028,0.5435606601783568,0.00564382354236471
99902.0999020999,0.2858187207855638,0.5435606550753418,0.005643823486917984
99902.1999021999,0.28581872174690526,0.5435606564225768,0.005643823501556344
99902.2999022999,0.28581872272956954,0.5435606577996939,0.005643823516519389
99902.3999023999,0.28581872373402967,0.5435606592073561,0.005643823531814318
99902.4999024999,0.2858187247607691,0.5435606606462406,0.005643823547448497
99902.5999025999,0.28581872109355816,0.5435606555069685,0.00564382349160782
99902.6999026999,0.28581872206173775,0.5435606568637866,0.0056438235063503055
99902.7999027999,0.285818723051392,0.5435606582506997,0.005643823521419786
99902.8999028999,0.2858187240629974,0.5435606596683753,0.005643823536823516
99902.9999029999,0.28581872509704076,0.5435606611174956,0.005643823552568911
99903.0999030999,0.2858187214037715,0.543560655941705,0.005643823496331443
99903.1999031999,0.28581872237883854,0.5435606573081755,0.005643823511178805
99903.2999032999,0.28581872337553327,0.5435606587049552,0.0056438235263554905
99903.3999033999,0.2858187243943354,0.5435606601327164,0.005643823541868808
99903.4999034999,0.2858187207555258,0.5435606550332462,0.005643823486460598
99903.5999035999,0.28581872171622114,0.543560656379576,0.005643823501089121
99903.6999036999,0.28581872269822545,0.5435606577557683,0.005643823516042115
99903.7999037999,0.28581872370201145,0.5435606591624856,0.005643823531326781
99903.8999038999,0.28581872472806225,0.5435606606004053,0.0056438235469504746
99903.9999039999,0.2858187210633915,0.543560655464693,0.005643823491148477
99904.0999040999,0.2858187220309223,0.543560656820602,0.0056438235058810845
99904.19990419991,0.2858187230199139,0.5435606582065863,0.005643823520940476
99904.2999042999,0.28581872403084235,0.5435606596233131,0.005643823536333899
99904.3999043999,0.2858187250641942,0.5435606610714644,0.005643823552068765
99904.4999044999,0.2858187213734761,0.543560655899249,0.005643823495870143
99904.5999045999,0.2858187223478917,0.5435606572648064,0.005643823510707584
99904.6999046999,0.28581872334392094,0.5435606586606534,0.005643823525874137
99904.7999047999,0.2858187243620433,0.5435606600874621,0.005643823541377102
99904.8999048999,0.2858187207257416,0.5435606549915065,0.005643823486007081
99904.9999049999,0.2858187216857965,0.5435606563369386,0.0056438235006258525
99905.09990509991,0.28581872266714653,0.5435606577122142,0.005643823515568886
99905.1999051999,0.28581872367026423,0.543560659117995,0.005643823530843376
99905.29990529991,0.28581872469563246,0.5435606605549579,0.005643823546456675
99905.3999053999,0.28581872103348044,0.5435606554227754,0.0056438234906930305
99905.4999054999,0.2858187220003681,0.5435606567777831,0.005643823505415845
99905.5999055999,0.2858187229887027,0.5435606581628467,0.005643823520465232
99905.6999056999,0.28581872399896,0.5435606595786331,0.005643823535848437
99905.7999057999,0.28581872503162636,0.5435606610258238,0.005643823551572866
99905.8999058999,0.2858187213434377,0.5435606558571531,0.00564382349541276
99905.99990599991,0.28581872231720745,0.5435606572218055,0.005643823510240369
99906.0999060999,0.28581872331257696,0.543560658616728,0.005643823525396877
99906.19990619991,0.2858187243300255,0.5435606600425922,0.005643823540889582
99906.2999062999,0.28581872537004266,0.5435606615000845,0.0056438235567259415
99906.3999063999,0.2858187216556296,0.5435606562946627,0.005643823500166518
99906.4999064999,0.2858187226363312,0.5435606576690293,0.0056438235150996765
99906.5999065999,0.2858187236387865,0.5435606590738818,0.005643823530364078
99906.6999066999,0.2858187246634781,0.5435606605098965,0.005643823545967074
99906.7999067999,0.2858187210038234,0.5435606553812139,0.005643823490241456
99906.89990689991,0.2858187219700735,0.5435606567353282,0.005643823504954563
99906.9999069999,0.28581872295775695,0.5435606581194792,0.005643823519994035
99907.09990709991,0.28581872396734914,0.5435606595343334,0.00564382353536711
99907.1999071999,0.28581872499933597,0.5435606609805718,0.005643823551081191
99907.29990729991,0.2858187213136552,0.5435606558154157,0.005643823494959273
99907.3999073999,0.2858187222867848,0.543560657179171,0.005643823509777135
99907.4999074999,0.2858187232815005,0.5435606585731771,0.005643823524923686
99907.5999075999,0.2858187242982811,0.5435606599981052,0.00564382354040622
99907.6999076999,0.28581872533761604,0.5435606614546412,0.005643823556232189
99907.79990779991,0.28581872162572153,0.543560656252749,0.005643823499711115
99907.8999078999,0.28581872260578023,0.5435606576262147,0.005643823514634485
99907.99990799991,0.2858187236075789,0.5435606590301472,0.00564382352988889
99908.0999080999,0.2858187246315997,0.5435606604652218,0.00564382354548167
99908.19990819991,0.28581872097442107,0.5435606553400089,0.005643823489793754
99908.2999082999,0.2858187219400393,0.5435606566932375,0.005643823504497239
99908.39990839991,0.2858187229270773,0.5435606580764839,0.005643823519526882
99908.4999084999,0.2858187239360101,0.543560659490414,0.005643823534889918
99908.5999085999,0.28581872496732347,0.5435606609357087,0.005643823550593743
99908.69990869991,0.2858187212841291,0.5435606557740371,0.005643823494509688
99908.7999087999,0.2858187222566242,0.543560657136903,0.005643823509317886
99908.89990889991,0.2858187232506917,0.5435606585300007,0.005643823524454567
99908.9999089999,0.2858187242668102,0.5435606599540009,0.005643823539927019
99909.09990909991,0.2858187253054688,0.5435606614095893,0.00564382355574269
99909.1999091999,0.2858187215960712,0.5435606562111961,0.005643823499259635
99909.29990929991,0.2858187225754928,0.543560657583769,0.005643823514173301
99909.3999093999,0.28581872357664073,0.5435606589867893,0.005643823529417794
99909.49990949991,0.28581872459999674,0.5435606604209324,0.005643823545000453
99909.59990959991,0.2858187209452727,0.5435606552991595,0.005643823489349914
99909.6999096999,0.2858187219102647,0.5435606566515105,0.005643823504043861
99909.79990979991,0.2858187228966629,0.5435606580338603,0.005643823519063761
99909.8999098999,0.2858187239049422,0.5435606594468747,0.005643823534416846
99909.99990999991,0.285818724935588,0.5435606608912338,0.005643823550110506
99910.0999100999,0.28581872125485863,0.5435606557330166,0.005643823494063982
99910.19991019991,0.28581872222672483,0.5435606570950012,0.005643823508862604
99910.2999102999,0.28581872322014995,0.5435606584871987,0.005643823523989503
99910.39991039991,0.2858187242356123,0.5435606599102795,0.005643823539451963
99910.49991049992,0.2858187252736007,0.5435606613649285,0.005643823555257428
99910.5999105999,0.28581872156667837,0.5435606561700044,0.005643823498812064
99910.69991069991,0.28581872254546853,0.5435606575416922,0.005643823513716117
99910.7999107999,0.2858187235459713,0.5435606589438086,0.005643823528950789
99910.89991089991,0.28581872456866847,0.5435606603770283,0.005643823544523414
99910.9999109999,0.28581872091637783,0.5435606552586656,0.005643823488909927
99911.09991109991,0.285818721880749,0.5435606566101467,0.005643823503594423
99911.1999111999,0.28581872286651316,0.5435606579916081,0.005643823518604669
99911.29991129991,0.28581872387414486,0.543560659403715,0.005643823533947893
99911.39991139992,0.2858187249041292,0.543560660847147,0.005643823549631481
99911.49991149991,0.2858187212258433,0.5435606556923543,0.005643823493622165
99911.59991159991,0.28581872219708626,0.5435606570534656,0.005643823508411297
99911.6999116999,0.2858187231898748,0.543560658444771,0.005643823523528503
99911.79991179991,0.2858187242046868,0.5435606598669404,0.005643823538981061
99911.8999118999,0.28581872524201096,0.5435606613206585,0.005643823554776412
99911.99991199991,0.2858187215375423,0.5435606561291728,0.00564382349836841
99912.0999120999,0.2858187225157067,0.5435606574999837,0.005643823513262934
99912.19991219991,0.28581872351557036,0.5435606589012044,0.0056438235284878725
99912.29991229992,0.28581872453761464,0.5435606603335091,0.0056438235440505555
99912.39991239991,0.285818720887736,0.5435606552185267,0.005643823488473796
99912.49991249992,0.2858187218514921,0.5435606565691458,0.005643823503148925
99912.59991259991,0.285818722836628,0.5435606579497266,0.005643823518149604
99912.69991269991,0.28581872384361795,0.543560659360934,0.005643823533483055
99912.7999127999,0.28581872487294674,0.5435606608034473,0.0056438235491566595
99912.89991289991,0.28581872119708285,0.5435606556520489,0.0056438234931842236
99912.9999129999,0.28581872216770815,0.5435606570122945,0.005643823507963951
99913.09991309991,0.28581872315986584,0.5435606584027157,0.00564382352307155
99913.19991319992,0.2858187241740335,0.543560659823982,0.005643823538514295
99913.29991329991,0.2858187252106994,0.5435606612767778,0.005643823554299623
99913.39991339992,0.2858187215086628,0.5435606560887006,0.005643823497928653
99913.49991349991,0.28581872248620704,0.5435606574586426,0.005643823512813735
99913.59991359992,0.2858187234854373,0.5435606588589754,0.005643823528029028
99913.69991369991,0.28581872450683454,0.5435606602903734,0.005643823543581859
99913.79991379991,0.2858187208593468,0.5435606551787414,0.005643823488041506
99913.8999138999,0.28581872182249335,0.5435606565285064,0.0056438235027073515
99913.99991399991,0.28581872280700654,0.5435606579082148,0.005643823517698549
99914.0999140999,0.2858187238133605,0.5435606593185309,0.0056438235330223165
99914.19991419991,0.28581872484203963,0.543560660760134,0.005643823548686031
99914.29991429992,0.28581872116857654,0.5435606556121,0.0056438234927501515
99914.39991439991,0.2858187221385899,0.543560656971488,0.00564382350752056
99914.49991449992,0.2858187231301224,0.5435606583610333,0.005643823522618642
99914.59991459991,0.28581872414365156,0.5435606597814048,0.005643823538051667
99914.69991469992,0.2858187251796652,0.5435606612332865,0.005643823553827064
99914.7999147999,0.28581872148003923,0.5435606560485875,0.005643823497492801
99914.89991489991,0.28581872245696904,0.5435606574176682,0.005643823512368527
99914.9999149999,0.28581872345557163,0.5435606588171216,0.005643823527574263
99915.09991509991,0.28581872447632783,0.5435606602476212,0.005643823543117332
99915.19991519992,0.2858187208312096,0.5435606551393101,0.005643823487613062
99915.29991529991,0.28581872179375223,0.5435606564882285,0.005643823502269713
99915.39991539992,0.2858187227776485,0.5435606578670723,0.005643823517251517
99915.49991549991,0.2858187237833723,0.5435606592765053,0.005643823532565689
99915.59991559992,0.28581872481140774,0.5435606607172062,0.005643823548219601
99915.69991569991,0.28581872114032403,0.5435606555725067,0.005643823492319952
99915.79991579991,0.285818722109731,0.5435606569310449,0.005643823507081127
99915.8999158999,0.28581872310064416,0.5435606583197222,0.005643823522169776
99915.99991599991,0.2858187241135406,0.5435606597392072,0.005643823537593167
99916.09991609992,0.28581872514890805,0.5435606611901833,0.0056438235533587235
99916.19991619991,0.2858187214516711,0.5435606560088324,0.0056438234970608405
99916.29991629992,0.28581872242799206,0.54356065737706,0.005643823511927296
99916.39991639991,0.2858187234259728,0.5435606587756419,0.0056438235271235645
99916.49991649992,0.28581872444609385,0.5435606602052513,0.005643823542656962
99916.59991659991,0.2858187208033242,0.5435606551002313,0.005643823487188452
99916.69991669992,0.2858187217652684,0.5435606564483111,0.005643823501835991
99916.79991679991,0.28581872274855347,0.5435606578262981,0.0056438235168084884
99916.89991689991,0.2858187237536528,0.5435606592348562,0.005643823532113152
99916.99991699992,0.2858187247810506,0.5435606606746634,0.005643823547757354
99917.09991709991,0.2858187211123249,0.5435606555332685,0.005643823491893611
99917.19991719992,0.28581872208113107,0.5435606568909648,0.005643823506645638
99917.29991729991,0.2858187230714306,0.543560658278782,0.005643823521724943
99917.39991739992,0.2858187240837001,0.5435606596973883,0.005643823537138788
99917.49991749991,0.2858187251184274,0.543560661147467,0.005643823552894594
99917.59991759992,0.2858187214235582,0.5435606559694343,0.0056438234966327645
99917.69991769991,0.28581872239927597,0.5435606573368166,0.005643823511490034
99917.79991779992,0.2858187233966406,0.5435606587345349,0.00564382352667692
99917.89991789992,0.2858187244161322,0.5435606601632623,0.005643823542200736
99917.99991799991,0.28581872077569,0.5435606550615041,0.0056438234867676644
99918.09991809992,0.2858187217370412,0.5435606564087531,0.0056438235014061745
99918.19991819991,0.2858187227197207,0.5435606577858916,0.00564382351636945
99918.29991829992,0.2858187237242016,0.5435606591935828,0.005643823531664695
99918.39991839991,0.28581872475096753,0.5435606606325045,0.005643823547299276
99918.49991849992,0.2858187210845787,0.5435606554943846,0.0056438234914711165
99918.59991859991,0.28581872205278963,0.5435606568512468,0.005643823506214079
99918.69991869992,0.2858187230424811,0.543560658238212,0.005643823521284128
99918.79991879992,0.2858187240541297,0.543560659655948,0.005643823536688517
99918.89991889992,0.28581872508822254,0.5435606611051378,0.005643823552434665
99918.99991899992,0.28581872139569964,0.5435606559303932,0.005643823496208561
99919.09991909991,0.28581872237081984,0.543560657296938,0.005643823511056733
99919.19991919992,0.2858187233675741,0.543560658693801,0.0056438235262343235
99919.29991929991,0.28581872438644224,0.5435606601216547,0.005643823541748646
99919.39991939992,0.2858187207483063,0.5435606550231286,0.005643823486350692
99919.49991949991,0.28581872170907024,0.5435606563695543,0.00564382350098026
99919.59991959992,0.2858187226911499,0.543560657745852,0.0056438235159344
99919.69991969992,0.285818723695018,0.5435606591526845,0.005643823531220314
99919.79991979992,0.28581872472115805,0.543560660590729,0.005643823546845365
99919.89991989992,0.28581872105708483,0.5435606554558541,0.005643823491052464
99919.99991999991,0.28581872202470615,0.5435606568118899,0.005643823505786448
99920.09992009992,0.28581872301379535,0.5435606581980111,0.005643823520847324
99920.19992019991,0.2858187240248288,0.5435606596148852,0.005643823536242345
99920.29992029992,0.28581872505829325,0.5435606610631943,0.005643823551978925
99920.39992039991,0.28581872136809533,0.5435606558917079,0.005643823495788224
99920.49992049992,0.2858187223426237,0.5435606572574232,0.005643823510627381
99920.59992059993,0.28581872333877323,0.5435606586534388,0.0056438235257957655
99920.69992069992,0.2858187243570238,0.5435606600804271,0.005643823541300683
99920.79992079992,0.28581872072117315,0.5435606549851035,0.005643823485937529
99920.89992089992,0.28581872168135525,0.543560656330714,0.005643823500558236
99920.99992099992,0.2858187226628406,0.543560657706179,0.005643823515503328
99921.09992109991,0.2858187236661017,0.5435606591121608,0.005643823530779998
99921.19992119992,0.2858187246916218,0.5435606605493366,0.0056438235463956085
99921.29992129991,0.28581872102984307,0.5435606554176772,0.005643823490637646
99921.39992139992,0.2858187219968803,0.5435606567728944,0.005643823505362736
99921.49992149993,0.2858187229853729,0.5435606581581796,0.0056438235204145275
99921.59992159992,0.28581872399579694,0.5435606595741995,0.005643823535800271
99921.69992169992,0.285818725028639,0.5435606610216365,0.005643823551527374
99921.79992179992,0.28581872134074465,0.5435606558533784,0.005643823495371751
99921.89992189992,0.2858187223146865,0.5435606572182721,0.005643823510201979
99921.99992199992,0.28581872331023717,0.5435606586134484,0.005643823525361243
99922.09992209992,0.285818724327876,0.5435606600395794,0.005643823540856846
99922.19992219991,0.2858187253680931,0.5435606614973518,0.00564382355669625
99922.29992229992,0.2858187216538944,0.5435606562922305,0.005643823500140089
99922.39992239993,0.285818722634791,0.5435606576668705,0.005643823515076216
99922.49992249992,0.2858187236374508,0.5435606590720096,0.0056438235303437325
99922.59992259993,0.2858187246623567,0.5435606605083246,0.005643823545949991
99922.69992269992,0.28581872100285133,0.5435606553798512,0.005643823490226647
99922.79992279992,0.28581872196931,0.5435606567342576,0.005643823504942928
99922.89992289992,0.28581872295721167,0.5435606581187143,0.005643823519985722
99922.99992299992,0.2858187239670321,0.5435606595338885,0.0056438235353622745
99923.09992309992,0.2858187249992577,0.5435606609804614,0.00564382355107999
99923.19992319992,0.28581872131364583,0.543560655815402,0.0056438234949591215
99923.29992329993,0.28581872228700694,0.5435606571794817,0.005643823509780507
99923.39992339992,0.28581872328196445,0.5435606585738265,0.005643823524930739
99923.49992349993,0.2858187242989974,0.5435606599991083,0.005643823540417115
99923.59992359992,0.2858187253385957,0.5435606614560136,0.005643823556247093
99923.69992369993,0.2858187216266886,0.5435606562541037,0.005643823499725825
99923.79992379992,0.2858187226070021,0.5435606576279265,0.005643823514653075
99923.89992389992,0.28581872360906635,0.5435606590322309,0.005643823529911524
99923.99992399992,0.285818724633364,0.5435606604676936,0.00564382354550852
99924.09992409992,0.285818720976111,0.5435606553423765,0.005643823489819471
99924.19992419993,0.2858187219419966,0.54356065669598,0.005643823504527027
99924.29992429992,0.28581872292931304,0.5435606580796166,0.005643823519560908
99924.39992439993,0.2858187239385357,0.5435606594939529,0.005643823534928358
99924.49992449992,0.28581872497015065,0.5435606609396701,0.005643823550636775
99924.59992459993,0.2858187212868,0.5435606557777796,0.005643823494550338
99924.69992469992,0.2858187222595859,0.5435606571410531,0.005643823509362964
99924.79992479993,0.28581872325395585,0.5435606585345747,0.005643823524504249
99924.89992489992,0.2858187242703887,0.5435606599590156,0.0056438235399814875
99924.99992499992,0.28581872530937397,0.5435606614150618,0.005643823555802134
99925.09992509992,0.28581872159973687,0.5435606562163332,0.005643823499315434
99925.19992519992,0.28581872257947305,0.543560657589347,0.005643823514233891
99925.29992529993,0.28581872358094756,0.5435606589928251,0.005643823529483359
99925.39992539992,0.28581872460464286,0.5435606604274434,0.005643823545071183
99925.49992549993,0.2858187209496211,0.5435606553052533,0.005643823489416109
99925.59992559992,0.2858187219149393,0.5435606566580615,0.005643823504115023
99925.69992569993,0.2858187229016761,0.5435606580408858,0.005643823519140079
99925.79992579992,0.2858187239103067,0.5435606594543926,0.005643823534498514
99925.89992589992,0.285818724941317,0.5435606608992624,0.005643823550197724
99925.99992599992,0.28581872126020635,0.543560655740511,0.005643823494145395
99926.09992609992,0.2858187222324226,0.5435606571029864,0.005643823508949348
99926.19992619993,0.2858187232262107,0.5435606584956927,0.005643823524081775
99926.29992629992,0.2858187242420493,0.5435606599193006,0.005643823539549965
99926.39992639993,0.2858187252804277,0.5435606613744961,0.005643823555361368
99926.49992649992,0.28581872157303945,0.5435606561789189,0.00564382349890891
99926.59992659993,0.28581872255220375,0.5435606575511314,0.005643823513818661
99926.69992669992,0.2858187235530943,0.543560658953791,0.005643823529059236
99926.79992679993,0.285818724576193,0.5435606603875734,0.005643823544637976
99926.89992689992,0.28581872092338145,0.5435606552684809,0.005643823489016558
99926.99992699992,0.28581872188813773,0.5435606566205015,0.0056438235037069165
99927.09992709993,0.28581872287430055,0.5435606580025214,0.005643823518723233
99927.19992719992,0.28581872388234486,0.5435606594152066,0.005643823534072741
99927.29992729993,0.28581872491275634,0.5435606608592373,0.005643823549762833
99927.39992739992,0.28581872123386454,0.5435606557035954,0.005643823493744291
99927.49992749993,0.2858187222055167,0.54356065706528,0.005643823508539654
99927.59992759992,0.28581872319872864,0.5435606584571788,0.005643823523663307
99927.69992769993,0.28581872421397875,0.5435606598799622,0.005643823539122537
99927.79992779992,0.285818725251756,0.5435606613343155,0.005643823554924788
99927.89992789993,0.2858187215465952,0.54356065614186,0.005643823498506247
99927.99992799993,0.28581872252519336,0.543560657513279,0.005643823513407376
99928.09992809992,0.2858187235255056,0.5435606589151281,0.005643823528639145
99928.19992819993,0.28581872454801366,0.5435606603480828,0.005643823544208891
99928.29992829992,0.28581872089739135,0.5435606552320581,0.005643823488620808
99928.39992839993,0.2858187218615912,0.543560656583299,0.005643823503302694
99928.49992849992,0.2858187228471856,0.5435606579645227,0.0056438235183103565
99928.59992859993,0.2858187238546495,0.5435606593763943,0.005643823533651025
99928.69992869992,0.2858187248844682,0.5435606608195942,0.00564382354933209
99928.79992879993,0.28581872120777413,0.5435606556670323,0.005643823493347013
99928.89992889993,0.2858187221788679,0.5435606570279343,0.005643823508133872
99928.99992899993,0.28581872317150936,0.5435606584190337,0.005643823523248839
99929.09992909993,0.28581872418617676,0.5435606598410004,0.005643823538699196
99929.19992919992,0.2858187252233589,0.5435606612945197,0.005643823554492385
99929.29992929993,0.28581872152040433,0.5435606561051559,0.005643823498107438
99929.39992939992,0.28581872249844187,0.5435606574757891,0.0056438235130000305
99929.49992949993,0.28581872349818144,0.5435606588768358,0.005643823528223081
99929.59992959992,0.28581872452010465,0.5435606603089709,0.005643823543783922
99929.69992969993,0.28581872087165067,0.5435606551959848,0.005643823488228856
99929.79992979993,0.28581872183529955,0.5435606565464536,0.005643823502902353
99929.89992989993,0.28581872282033133,0.5435606579268887,0.005643823517901447
99929.99992999993,0.28581872382722046,0.5435606593379548,0.005643823533233365
99930.09993009992,0.2858187248564521,0.5435606607803319,0.005643823548905491
99930.19993019993,0.28581872118193463,0.5435606556308203,0.0056438234929535565
99930.29993029992,0.28581872215247534,0.5435606569909476,0.005643823507731995
99930.39993039993,0.28581872314455203,0.5435606583812553,0.005643823522838363
99930.49993049992,0.2858187241586426,0.5435606598024136,0.005643823538279936
99930.59993059993,0.2858187251952356,0.543560661255107,0.005643823554064155
99930.69993069994,0.28581872149446597,0.5435606560688054,0.005643823497712479
99930.79993079993,0.28581872247194845,0.5435606574386608,0.005643823512596621
99930.89993089993,0.2858187234711212,0.5435606588389131,0.005643823527811037
99930.99993099993,0.2858187244924654,0.5435606602702368,0.005643823543363061
99931.09993109993,0.2858187208461588,0.5435606551602602,0.005643823487840694
99931.19993119992,0.28581872180926227,0.5435606565099647,0.005643823502505885
99931.29993129993,0.285818722793737,0.543560657889619,0.005643823517496495
99931.39993139992,0.2858187238000572,0.5435606592998877,0.0056438235328197485
99931.49993149993,0.2858187248287076,0.5435606607414504,0.0056438235484830256
99931.59993159994,0.2858187211563458,0.5435606555949597,0.005643823492563914
99931.69993169993,0.28581872212633913,0.5435606569543195,0.005643823507334016
99931.79993179993,0.28581872311785667,0.5435606583438439,0.005643823522431868
99931.89993189993,0.28581872413137616,0.543560659764202,0.005643823537864746
99931.99993199993,0.2858187251673859,0.543560661216078,0.005643823553640082
99932.09993209993,0.28581872146878007,0.5435606560328088,0.0056438234973213534
99932.19993219993,0.2858187224457131,0.5435606574018942,0.005643823512197128
99932.29993229992,0.28581872344432463,0.5435606588013601,0.005643823527403
99932.39993239993,0.28581872446509565,0.5435606602318803,0.0056438235429462965
99932.49993249994,0.28581872082091553,0.5435606551248838,0.005643823487456309
99932.59993259993,0.28581872178347906,0.5435606564738316,0.005643823502113279
99932.69993269994,0.2858187227674023,0.5435606578527131,0.005643823517095492
99932.79993279993,0.2858187237731592,0.5435606592621927,0.005643823532410169
99932.89993289993,0.2858187248012343,0.5435606607029492,0.005643823548064687
99932.99993299993,0.28581872113100704,0.5435606555594499,0.005643823492178079
99933.09993309993,0.2858187221004584,0.5435606569180503,0.005643823506939929
99933.19993319992,0.2858187230914225,0.543560658306799,0.005643823522029355
99933.29993329993,0.2858187241043767,0.5435606597263648,0.005643823537453624
99933.39993339994,0.285818725139809,0.5435606611774318,0.0056438235532201685
99933.49993349993,0.28581872144334575,0.5435606559971651,0.005643823496934067
99933.59993359994,0.2858187224197349,0.5435606573654884,0.00564382351180156
99933.69993369993,0.2858187234177909,0.5435606587641757,0.005643823526998975
99933.79993379994,0.28581872443799455,0.5435606601939009,0.005643823542533633
99933.89993389993,0.2858187207959201,0.5435606550898553,0.005643823487075708
99933.99993399993,0.28581872175794915,0.5435606564380542,0.00564382350172454
99934.09993409993,0.2858187227413265,0.5435606578161707,0.005643823516698441
99934.19993419993,0.28581872374652595,0.543560659224869,0.005643823532004628
99934.29993429994,0.2858187247740317,0.5435606606648274,0.0056438235476504745
99934.39993439993,0.28581872110591794,0.5435606555242901,0.00564382349179605
99934.49993449994,0.28581872207483294,0.5435606568821388,0.005643823506549734
99934.59993459993,0.2858187230652492,0.5435606582701197,0.005643823521630816
99934.69993469994,0.28581872407764386,0.5435606596889012,0.005643823537046565
99934.79993479993,0.28581872511250467,0.5435606611391672,0.005643823552804408
99934.89993489994,0.285818721418163,0.5435606559618738,0.005643823496550611
99934.99993499993,0.28581872239401385,0.5435606573294425,0.005643823511409907
99935.09993509993,0.28581872339152004,0.5435606587273591,0.005643823526598949
99935.19993519994,0.28581872441116213,0.5435606601562974,0.005643823542125056
99935.29993529993,0.2858187207711725,0.5435606550551735,0.0056438234866988774
99935.39993539994,0.28581872173267253,0.543560656402631,0.005643823501339653
99935.49993549993,0.2858187227155096,0.5435606577799903,0.005643823516305328
99935.59993559994,0.2858187237201572,0.5435606591879151,0.005643823531603112
99935.69993569993,0.28581872474709935,0.5435606606270836,0.005643823547240377
99935.79993579994,0.28581872108107825,0.5435606554894789,0.005643823491417816
99935.89993589993,0.2858187220494623,0.5435606568465837,0.005643823506163416
99935.99993599993,0.2858187230393363,0.5435606582338047,0.005643823521236243
99936.09993609993,0.2858187240511772,0.5435606596518102,0.0056438235366435595
99936.19993619993,0.2858187250854724,0.5435606611012835,0.005643823552392789
99936.29993629994,0.2858187213932311,0.5435606559269335,0.005643823496170973
99936.39993639993,0.2858187223685491,0.5435606572937555,0.005643823511022157
99936.49993649994,0.2858187233655111,0.5435606586909096,0.005643823526202912
99936.59993659993,0.28581872438459743,0.543560660119069,0.005643823541720555
99936.69993669994,0.28581872074667186,0.5435606550208377,0.005643823486325806
99936.79993679993,0.28581872170764844,0.5435606563675615,0.00564382350095861
99936.89993689994,0.28581872268995084,0.5435606577441715,0.0056438235159161415
99936.99993699993,0.28581872369405237,0.543560659151331,0.00564382353120561
99937.09993709993,0.2858187247204368,0.543560660589718,0.005643823546834382
99937.19993719994,0.2858187210564874,0.5435606554550165,0.005643823491043367
99937.29993729993,0.2858187220243461,0.5435606568113851,0.005643823505780965
99937.39993739994,0.28581872301368355,0.5435606581978542,0.005643823520845619
99937.49993749993,0.2858187240249764,0.5435606596150916,0.0056438235362445905
99937.59993759994,0.28581872505871186,0.5435606610637806,0.005643823551985296
99937.69993769993,0.2858187213685499,0.5435606558923448,0.005643823495795143
99937.79993779994,0.28581872234334066,0.543560657258428,0.005643823510638297
99937.89993789993,0.28581872333976416,0.5435606586548274,0.005643823525810852
99937.99993799994,0.28581872435830047,0.543560660082216,0.005643823541320121
99938.09993809994,0.28581872072241826,0.5435606549868482,0.005643823485956485
99938.19993819993,0.2858187216828767,0.5435606563328459,0.005643823500581401
99938.29993829994,0.28581872266464997,0.5435606577087143,0.005643823515530876
99938.39993839993,0.28581872366821104,0.5435606591151164,0.005643823530812114
99938.49993849994,0.2858187246940435,0.54356066055273,0.00564382354643248
99938.59993859993,0.285818721032145,0.5435606554209027,0.005643823490672694
99938.69993869994,0.28581872199948377,0.5435606567765425,0.005643823505402375
99938.79993879993,0.2858187229882902,0.5435606581622673,0.005643823520458944
99938.89993889994,0.28581872399904074,0.5435606595787448,0.005643823535849656
99938.99993899994,0.28581872503222233,0.5435606610266575,0.005643823551581928
99939.09993909993,0.2858187213441188,0.5435606558581062,0.005643823495423116
99939.19993919994,0.2858187223183878,0.5435606572234581,0.005643823510258324
99939.29993929993,0.28581872331427843,0.5435606586191108,0.005643823525422764
99939.39993939994,0.2858187243322705,0.5435606600457368,0.005643823540923744
99939.49993949993,0.2858187253728546,0.5435606615040235,0.005643823556768734
99939.59993959994,0.2858187216583558,0.5435606562984816,0.005643823500208003
99939.69993969993,0.28581872263960556,0.5435606576736163,0.005643823515149505
99939.79993979994,0.28581872364263183,0.5435606590792691,0.0056438235304226
99939.89993989994,0.28581872466791813,0.5435606605161173,0.005643823546034649
99939.99993999994,0.28581872100804967,0.5435606553871349,0.005643823490305774
99940.09994009994,0.28581872197487396,0.5435606567420539,0.005643823505027622
99940.19994019993,0.28581872296315497,0.5435606581270425,0.0056438235200761905
99940.29994029994,0.2858187239733688,0.5435606595427679,0.005643823535458732
99940.39994039993,0.28581872500600236,0.5435606609899126,0.005643823551182658
99940.49994049994,0.2858187213199362,0.5435606558242165,0.005643823495054871
99940.59994059993,0.285818722293689,0.5435606571888453,0.00564382350988222
99940.69994069994,0.2858187232890524,0.5435606585837591,0.005643823525038632
99940.79994079995,0.28581872430650607,0.5435606600096305,0.005643823540531414
99940.89994089994,0.2858187253465401,0.5435606614671465,0.00564382355636803
99940.99994099994,0.2858187216340861,0.5435606562644703,0.005643823499838435
99941.09994109994,0.2858187226148178,0.543560657638879,0.00564382351477205
99941.19994119994,0.28581872361731503,0.5435606590437904,0.005643823530037091
99941.29994129993,0.285818724642061,0.5435606604798813,0.0056438235456409145
99941.39994139994,0.2858187209842018,0.5435606553537147,0.005643823489942635
99941.49994149993,0.2858187219505171,0.5435606567079203,0.005643823504656735
99941.59994159994,0.2858187229382783,0.5435606580921803,0.0056438235196973885
99941.69994169995,0.28581872394796126,0.5435606595071617,0.005643823535071847
99941.79994179994,0.28581872498005256,0.5435606609535465,0.005643823550787518
99941.89994189994,0.2858187212960029,0.5435606557906764,0.005643823494690436
99941.99994199994,0.28581872226924493,0.5435606571545892,0.005643823509510008
99942.09994209994,0.2858187232640867,0.543560658548772,0.005643823524658478
99942.19994219994,0.28581872428100763,0.5435606599738968,0.005643823540143149
99942.29994229994,0.2858187253204976,0.5435606614306504,0.00564382355597148
99942.39994239993,0.28581872161006733,0.5435606562308102,0.005643823499472699
99942.49994249994,0.28581872259028646,0.5435606576045008,0.005643823514398511
99942.59994259995,0.28581872359226035,0.5435606590086787,0.005643823529655582
99942.69994269994,0.2858187246164718,0.5435606604440204,0.005643823545251265
99942.79994279995,0.2858187209606011,0.5435606553206406,0.005643823489583265
99942.89994289994,0.28581872192641294,0.5435606566741407,0.005643823504289696
99942.99994299994,0.28581872291365984,0.54356065805768,0.005643823519322519
99943.09994309994,0.28581872392281765,0.5435606594719254,0.005643823534688981
99943.19994319994,0.28581872495437255,0.5435606609175586,0.005643823550396484
99943.29994329993,0.28581872127231844,0.543560655757485,0.005643823494329789
99943.39994339994,0.2858187222450553,0.5435606571206898,0.005643823509141667
99943.49994349995,0.2858187232393811,0.5435606585141497,0.005643823524282282
99943.59994359994,0.28581872425577504,0.543560659938536,0.005643823539758928
99943.69994369995,0.2858187252947269,0.5435606613945354,0.005643823555579064
99943.79994379994,0.28581872158629923,0.5435606561975017,0.005643823499110779
99943.89994389995,0.2858187225660115,0.5435606575704819,0.0056438235140288725
99943.99994399994,0.2858187235674676,0.5435606589739342,0.005643823529278061
99944.09994409994,0.2858187245911504,0.5435606604085351,0.0056438235448656926
99944.19994419994,0.28581872093724736,0.543560655287913,0.005643823489227656
99944.29994429994,0.28581872190256125,0.543560656640715,0.005643823503926504
99944.39994439995,0.2858187228892996,0.5435606580235415,0.005643823518951582
99944.49994449994,0.28581872389793794,0.5435606594370589,0.005643823534310134
99944.59994459995,0.2858187249289623,0.5435606608819484,0.00564382355000956
99944.69994469994,0.28581872124888286,0.5435606557246423,0.005643823493972934
99944.79994479995,0.28581872222112,0.5435606570871468,0.005643823508777204
99944.89994489994,0.28581872321493546,0.5435606584798914,0.005643823523910047
99944.99994499995,0.2858187242308082,0.5435606599035473,0.005643823539378758
99945.09994509994,0.2858187252692277,0.5435606613588007,0.005643823555190789
99945.19994519994,0.2858187215627816,0.543560656164544,0.005643823498752678
99945.29994529995,0.2858187225419923,0.5435606575368214,0.005643823513663136
99945.39994539994,0.2858187235429364,0.5435606589395561,0.005643823528904527
99945.49994549995,0.2858187245660961,0.543560660373424,0.0056438235444841965
99945.59994559994,0.2858187209141401,0.5435606552555303,0.005643823488875808
99945.69994569995,0.2858187218789613,0.543560656607642,0.005643823503567156
99945.79994579994,0.2858187228651965,0.5435606579897635,0.0056438235185845755
99945.89994589995,0.28581872387332097,0.543560659402561,0.005643823533935305
99945.99994599994,0.28581872490382065,0.5435606608467153,0.00564382354962674
99946.09994609994,0.28581872122569507,0.5435606556921472,0.0056438234936198655
99946.19994619995,0.285818722197438,0.5435606570539591,0.00564382350841661
99946.29994629994,0.28581872319074864,0.5435606584459961,0.005643823523541767
99946.39994639995,0.2858187242061059,0.5435606598689297,0.005643823539002627
99946.49994649994,0.28581872524399893,0.5435606613234452,0.0056438235548066425
99946.59994659995,0.2858187215395135,0.5435606561319362,0.005643823498398386
99946.69994669994,0.2858187225182284,0.5435606575035186,0.005643823513301295
99946.79994679995,0.28581872351866605,0.5435606589055435,0.0056438235285349745
99946.89994689994,0.2858187245413086,0.5435606603386866,0.0056438235441067675
99946.99994699995,0.2858187208912791,0.5435606552234925,0.005643823488527711
99947.09994709994,0.2858187218556131,0.5435606565749216,0.005643823503211642
99947.19994719994,0.2858187228413508,0.5435606579563459,0.005643823518221485
99947.29994729995,0.2858187238489672,0.5435606593684312,0.0056438235335644765
99947.39994739994,0.28581872487894794,0.5435606608118584,0.00564382354924801
99947.49994749995,0.28581872120275537,0.5435606556599992,0.0056438234932705686
99947.59994759994,0.2858187221740095,0.5435606570211261,0.00564382350805987
99947.69994769995,0.285818723166821,0.5435606584124638,0.005643823523177428
99947.79994779994,0.28581872418166837,0.5435606598346828,0.0056438235386305265
99947.89994789995,0.28581872521904084,0.5435606612884687,0.005643823554426614
99947.99994799994,0.2858187215164951,0.543560656099678,0.005643823498047894
99948.09994809995,0.28581872249471973,0.5435606574705732,0.0056438235129433354
99948.19994819995,0.2858187234946566,0.5435606588718963,0.0056438235281693885
99948.29994829994,0.2858187245167876,0.5435606603043226,0.005643823543733394
99948.39994839995,0.2858187208686637,0.5435606551917994,0.005643823488183357
99948.49994849994,0.28581872183251605,0.5435606565425533,0.005643823502859952
99948.59994859995,0.2858187228177618,0.5435606579232881,0.0056438235178623035
99948.69994869994,0.2858187238248757,0.5435606593346695,0.005643823533197645
99948.79994879995,0.28581872485434334,0.5435606607773773,0.005643823548873366
99948.89994889994,0.28581872118006296,0.5435606556281979,0.005643823492925043
99948.99994899995,0.28581872215083376,0.5435606569886475,0.005643823507706986
99949.09994909995,0.28581872314315176,0.5435606583792935,0.005643823522817028
99949.19994919994,0.28581872415749515,0.5435606598008059,0.00564382353826245
99949.29994929995,0.2858187251943528,0.5435606612538704,0.0056438235540506995
99949.39994939994,0.2858187214937258,0.5435606560677685,0.0056438234977011946
99949.49994949995,0.2858187224714655,0.5435606574379843,0.005643823512589252
99949.59994959994,0.28581872347090714,0.5435606588386135,0.0056438235278077654
99949.69994969995,0.2858187244925325,0.543560660270331,0.005643823543364071
99949.79994979994,0.28581872084629373,0.5435606551604495,0.005643823487842737
99949.89994989995,0.2858187218096697,0.5435606565105359,0.005643823502512078
99949.99994999995,0.28581872279442905,0.543560657890589,0.005643823517507023
99950.09995009995,0.2858187238010463,0.5435606593012741,0.0056438235328348
99950.19995019995,0.28581872483000664,0.5435606607432709,0.005643823548502795
99950.29995029994,0.28581872115761775,0.5435606555967423,0.005643823492583272
99950.39995039995,0.2858187221279107,0.5435606569565222,0.005643823507357939
99950.49995049994,0.28581872311974066,0.5435606583464843,0.005643823522460548
99950.59995059995,0.2858187241335856,0.5435606597672985,0.005643823537898382
99950.69995069994,0.2858187251699343,0.5435606612196499,0.005643823553678881
99950.79995079995,0.28581872147120513,0.5435606560362076,0.005643823497358274
99950.89995089996,0.2858187224484654,0.5435606574057517,0.0056438235122390325
99950.99995099995,0.2858187234474175,0.5435606588056947,0.0056438235274500915
99951.09995109995,0.2858187244685429,0.5435606602367117,0.005643823542998784
99951.19995119995,0.28581872082416865,0.5435606551294431,0.005643823487505841
99951.29995129995,0.2858187217870738,0.5435606564788695,0.005643823502168013
99951.39995139994,0.2858187227713522,0.5435606578582487,0.005643823517155634
99951.49995149995,0.28581872377747825,0.5435606592682456,0.005643823532475932
99951.59995159994,0.28581872480593706,0.5435606607095397,0.005643823548136292
99951.69995169995,0.28581872113541884,0.5435606555656328,0.005643823492245254
99951.79995179996,0.28581872210523945,0.5435606569247509,0.005643823507012728
99951.89995189995,0.285818723096587,0.5435606583140368,0.005643823522107992
99951.99995199995,0.28581872410993936,0.5435606597341607,0.0056438235375383256
99952.09995209995,0.28581872514578494,0.5435606611858068,0.0056438235533111634
99952.19995219995,0.2858187214489327,0.543560656004995,0.005643823497019138
99952.29995229995,0.28581872242571915,0.5435606573738749,0.005643823511892681
99952.39995239995,0.28581872342418735,0.5435606587731397,0.005643823527096372
99952.49995249994,0.28581872444481854,0.543560660203464,0.005643823542637539
99952.59995259995,0.28581872080228826,0.5435606550987796,0.005643823487172675
99952.69995269996,0.28581872176472795,0.5435606564475538,0.005643823501827759
99952.79995279995,0.285818722748531,0.5435606578262668,0.005643823516808142
99952.89995289996,0.28581872375417167,0.5435606592355833,0.005643823532121048
99952.99995299995,0.2858187247821347,0.5435606606761827,0.005643823547773857
99953.09995309995,0.28581872111346657,0.5435606555348684,0.00564382349191099
99953.19995319995,0.2858187220828202,0.5435606568933321,0.005643823506671353
99953.29995329995,0.28581872307369094,0.5435606582819498,0.005643823521759357
99953.39995339994,0.28581872408655634,0.543560659701391,0.005643823537182274
99953.49995349995,0.2858187251219046,0.5435606611523403,0.005643823552947539
99953.59995359996,0.2858187214269085,0.5435606559741296,0.005643823496683776
99953.69995369995,0.28581872240322653,0.5435606573423531,0.005643823511550187
99953.79995379996,0.28581872340121645,0.5435606587409477,0.0056438235267465935
99953.89995389995,0.2858187244213591,0.5435606601705876,0.005643823542280322
99953.99995399996,0.28581872078065224,0.5435606550684585,0.005643823486843222
99954.09995409995,0.2858187217426318,0.5435606564165879,0.0056438235014913
99954.19995419995,0.28581872272596504,0.5435606577946425,0.005643823516464529
99954.29995429995,0.2858187237311259,0.5435606592032866,0.005643823531770128
99954.39995439995,0.28581872475859893,0.5435606606431992,0.005643823547415476
99954.49995449996,0.28581872109176015,0.5435606555044485,0.005643823491580466
99954.59995459995,0.28581872206065234,0.5435606568622654,0.005643823506333802
99954.69995469996,0.28581872305105177,0.5435606582502227,0.005643823521414629
99954.79995479995,0.28581872406343584,0.5435606596689895,0.0056438235368302175
99954.89995489996,0.2858187250982926,0.5435606611192497,0.005643823552587997
99954.99995499995,0.2858187214051318,0.543560655943611,0.00564382349635218
99955.09995509995,0.28581872238098693,0.5435606573111859,0.00564382351121154
99955.19995519995,0.285818723378504,0.543560658709118,0.005643823526400749
99955.29995529995,0.28581872439816397,0.5435606601380811,0.0056438235419271265
99955.39995539996,0.28581872075926007,0.5435606550384787,0.00564382348651748
99955.49995549995,0.28581872172078493,0.543560656385971,0.005643823501158633
99955.59995559996,0.2858187227036539,0.5435606577633749,0.0056438235161247905
99955.69995569995,0.28581872370834055,0.5435606591713545,0.005643823531423169
99955.79995579996,0.2858187247353294,0.5435606606105886,0.005643823547061143
99955.89995589995,0.2858187210702993,0.5435606554743728,0.005643823491253673
99955.99995599996,0.28581872203873543,0.5435606568315505,0.005643823506000066
99956.09995609995,0.2858187230286691,0.5435606582188552,0.0056438235210738
99956.19995619995,0.28581872404057757,0.5435606596369555,0.005643823536482146
99956.29995629996,0.2858187250749486,0.5435606610865352,0.005643823552232531
99956.39995639995,0.2858187213836024,0.5435606559134396,0.005643823496024344
99956.49995649996,0.2858187223590001,0.5435606572803733,0.00564382351087674
99956.59995659995,0.2858187233560501,0.5435606586776507,0.0056438235260588355
99956.69995669996,0.2858187243752329,0.5435606601059454,0.005643823541577948
99956.79995679995,0.28581872073811143,0.543560655008841,0.0056438234861954425
99956.89995689996,0.285818721699187,0.5435606563557034,0.005643823500829755
99956.99995699995,0.285818722681597,0.5435606577324642,0.005643823515788927
99957.09995709996,0.2858187236858151,0.5435606591397871,0.00564382353108017
99957.19995719996,0.28581872471232544,0.5435606605783506,0.005643823546710858
99957.29995729995,0.2858187210490836,0.5435606554446408,0.0056438234909306165
99957.39995739996,0.2858187220170691,0.543560656801187,0.0056438235056701464
99957.49995749995,0.2858187230065426,0.5435606581878466,0.005643823520736874
99957.59995759996,0.2858187240179811,0.5435606596052882,0.005643823536138062
99957.69995769995,0.2858187250518722,0.5435606610541953,0.005643823551881137
99957.79995779996,0.2858187213623198,0.5435606558836135,0.005643823495700265
99957.89995789995,0.28581872233726546,0.5435606572499136,0.005643823510545777
99957.99995799996,0.28581872333385383,0.5435606586465441,0.005643823525720841
99958.09995809995,0.28581872435256533,0.5435606600741784,0.0056438235412327765
99958.19995819996,0.2858187207172059,0.5435606549795433,0.005643823485877101
99958.29995829996,0.2858187216778375,0.5435606563257838,0.005643823500504653
99958.39995839995,0.28581872265979424,0.5435606577019094,0.005643823515456922
99958.49995849996,0.28581872366354943,0.5435606591085835,0.005643823530741117
99958.59995859995,0.28581872468958697,0.5435606605464846,0.005643823546364607
99958.69995869996,0.2858187210281127,0.5435606554152518,0.00564382349061128
99958.79995879995,0.2858187219956529,0.543560656771174,0.00564382350534403
99958.89995889996,0.28581872298467176,0.5435606581571965,0.005643823520403834
99958.99995899995,0.285818723995646,0.5435606595739874,0.005643823535797953
99959.09995909996,0.28581872502906297,0.5435606610222299,0.005643823551533809
99959.19995919996,0.28581872134128367,0.5435606558541329,0.005643823495379936
99959.29995929995,0.2858187223157828,0.5435606572198074,0.0056438235102186495
99959.39995939996,0.2858187233119152,0.5435606586157989,0.005643823525386771
99959.49995949995,0.2858187243301611,0.5435606600427805,0.005643823540891615
99959.59995959996,0.2858187253710113,0.5435606615014402,0.005643823556740658
99959.69995969995,0.2858187216567354,0.5435606562962106,0.005643823500183319
99959.79995979996,0.28581872263824426,0.5435606576717086,0.005643823515128768
99959.89995989995,0.2858187236415421,0.5435606590777418,0.005643823530405998
99959.99995999996,0.28581872466711256,0.5435606605149883,0.005643823546022376
99960.09996009996,0.2858187210073854,0.5435606553862039,0.005643823490295652
99960.19996019996,0.2858187219744858,0.5435606567415096,0.005643823505021703
99960.29996029996,0.2858187229630555,0.5435606581269025,0.0056438235200746666
99960.39996039995,0.285818723973571,0.5435606595430508,0.0056438235354618
99960.49996049996,0.2858187250065196,0.543560660990637,0.005643823551190523
99960.59996059995,0.2858187213204928,0.5435606558249961,0.005643823495063333
99960.69996069996,0.28581872229455085,0.5435606571900524,0.005643823509895329
99960.79996079995,0.2858187232902327,0.5435606585854127,0.005643823525056592
99960.89996089996,0.28581872430801863,0.5435606600117495,0.005643823540554432
99960.99996099996,0.28581872534839914,0.5435606614697509,0.0056438235563963214
99961.09996109996,0.2858187216358811,0.5435606562669848,0.0056438234998657496
99961.19996119996,0.2858187226169476,0.5435606576418628,0.005643823514804462
99961.29996129996,0.2858187236197936,0.543560659047263,0.005643823530074813
99961.39996139996,0.2858187246449028,0.543560660483863,0.0056438235456841655
99961.49996149995,0.2858187209869023,0.5435606553574983,0.0056438234899837325
99961.59996159996,0.2858187219535682,0.5435606567121952,0.005643823504703167
99961.69996169995,0.28581872294169425,0.5435606580969666,0.0056438235197493756
99961.79996179996,0.2858187239517568,0.54356065951248,0.005643823535129612
99961.89996189997,0.28581872498424277,0.543560660959418,0.005643823550851291
99961.99996199996,0.2858187212999478,0.5435606557962039,0.005643823494750472
99962.09996209996,0.28581872227357014,0.5435606571606497,0.005643823509575834
99962.19996219996,0.2858187232688072,0.5435606585553865,0.005643823524730322
99962.29996229996,0.28581872428613875,0.5435606599810867,0.005643823540221244
99962.39996239996,0.28581872532605535,0.5435606614384381,0.0056438235560560684
99962.49996249996,0.2858187216152744,0.5435606562381065,0.005643823499551947
99962.59996259995,0.2858187225959039,0.5435606576123722,0.005643823514484007
99962.69996269996,0.2858187235983038,0.543560659017147,0.005643823529747564
99962.79996279997,0.2858187246229574,0.5435606604531087,0.005643823545349979
99962.89996289996,0.2858187209666629,0.5435606553291349,0.005643823489675525
99962.99996299997,0.28581872193289976,0.5435606566832306,0.005643823504388429
99963.09996309996,0.2858187229205877,0.543560658067388,0.005643823519427966
99963.19996319996,0.2858187239302028,0.5435606594822744,0.00564382353480139
99963.29996329996,0.28581872496223193,0.543560660928572,0.005643823550516114
99963.39996339996,0.28581872127964814,0.5435606557677561,0.005643823494441352
99963.49996349995,0.2858187222528402,0.543560657131599,0.005643823509260163
99963.59996359996,0.28581872324763796,0.54356065852572,0.005643823524407962
99963.69996369997,0.2858187242645209,0.5435606599507915,0.005643823539892053
99963.79996379996,0.2858187253039794,0.5435606614075009,0.005643823555719903
99963.89996389997,0.2858187215949146,0.5435606562095744,0.005643823499241916
99963.99996399996,0.2858187225751127,0.5435606575832355,0.0056438235141674075
99964.09996409997,0.2858187235770721,0.543560658987393,0.005643823529424257
99964.19996419996,0.28581872460127594,0.5435606604227241,0.005643823545019823
99964.29996429996,0.28581872094666705,0.5435606553011126,0.005643823489371035
99964.39996439996,0.2858187219124802,0.5435606566546146,0.005643823504077488
99964.49996449996,0.2858187228997354,0.5435606580381657,0.00564382351911044
99964.59996459997,0.2858187239089087,0.5435606594524329,0.005643823534477138
99964.69996469996,0.28581872494048677,0.5435606608980984,0.005643823550184993
99964.79996479997,0.28581872125959357,0.5435606557396517,0.005643823494135974
99964.89996489996,0.2858187222323609,0.5435606571028992,0.005643823508948317
99964.99996499997,0.28581872322672475,0.5435606584964124,0.00564382352408951
99965.09996509996,0.2858187242431647,0.5435606599208632,0.0056438235395668565
99965.19996519996,0.28581872528217084,0.5435606613769386,0.005643823555387819
99965.29996529996,0.2858187215748016,0.5435606561813883,0.005643823498935651
99965.39996539996,0.2858187225545737,0.5435606575544524,0.005643823513854657
99965.49996549997,0.2858187235560981,0.5435606589580003,0.005643823529104884
99965.59996559996,0.28581872457985774,0.5435606603927089,0.005643823544693688
99965.69996569997,0.285818720926914,0.5435606552734311,0.0056438234890702575
99965.79996579996,0.285818721892309,0.5435606566263469,0.005643823503770342
99965.89996589997,0.2858187228791372,0.5435606580092993,0.005643823518796789
99965.99996599996,0.2858187238878743,0.5435606594229553,0.0056438235341568456
99966.09996609997,0.28581872491900695,0.5435606608679967,0.005643823549857919
99966.19996619996,0.2858187212397838,0.5435606557118905,0.00564382349383433
99966.29996629996,0.28581872221213167,0.5435606570745503,0.005643823508640287
99966.39996639997,0.28581872320606727,0.5435606584674632,0.00564382352377496
99966.49996649996,0.2858187242220699,0.5435606598913011,0.005643823539245648
99966.59996659997,0.2858187252606295,0.5435606613467507,0.0056438235550598116
99966.69996669996,0.28581872155493515,0.5435606561535475,0.005643823498633147
99966.79996679997,0.2858187225342868,0.5435606575260223,0.005643823513545749
99966.89996689996,0.28581872353538185,0.5435606589289685,0.005643823528789438
99966.99996699997,0.28581872455870294,0.5435606603630626,0.005643823544371564
99967.09996709996,0.28581872090740407,0.5435606552460899,0.00564382348877318
99967.19996719997,0.28581872187238605,0.543560656598427,0.005643823503466977
99967.29996729997,0.2858187228587926,0.5435606579807886,0.005643823518487004
99967.39996739996,0.28581872386709933,0.5435606593938413,0.005643823533840507
99967.49996749997,0.28581872489779236,0.5435606608382666,0.005643823549534886
99967.59996759996,0.2858187212202187,0.5435606556844719,0.005643823493536415
99967.69996769997,0.2858187221921526,0.5435606570465514,0.005643823508336068
99967.79996779996,0.28581872318566554,0.543560658438872,0.005643823523464303
99967.89996789997,0.28581872420123655,0.5435606598621051,0.005643823538928419
99967.99996799996,0.28581872523935536,0.543560661316937,0.005643823554735872
99968.09996809997,0.2858187215353151,0.5435606561260519,0.005643823498334395
99968.19996819997,0.28581872251425167,0.543560657497945,0.0056438235132406775
99968.29996829997,0.2858187235149229,0.5435606589002973,0.0056438235284779125
99968.39996839997,0.2858187245378112,0.5435606603337849,0.00564382354405345
99968.49996849996,0.28581872088813687,0.5435606552190886,0.005643823488479802
99968.59996859997,0.28581872185271134,0.5435606565708545,0.005643823503167392
99968.69996869996,0.2858187228387017,0.543560657952633,0.005643823518181082
99968.79996879997,0.28581872384658336,0.5435606593650902,0.005643823533528114
99968.89996889996,0.28581872487684257,0.5435606608089074,0.005643823549215887
99968.99996899997,0.28581872120089785,0.5435606556573956,0.005643823493242219
99969.09996909996,0.2858187221724232,0.5435606570189025,0.005643823508035651
99969.19996919997,0.28581872316551893,0.5435606584106385,0.005643823523157533
99969.29996929997,0.2858187241806639,0.5435606598332745,0.005643823538615162
99969.39996939996,0.2858187252183478,0.5435606612874968,0.005643823554415991
99969.49996949997,0.285818721515941,0.543560656098901,0.005643823498039386
99969.59996959996,0.28581872249446794,0.54356065747022,0.0056438235129394314
99969.69996969997,0.2858187234947208,0.5435606588719861,0.005643823528170298
99969.79996979996,0.28581872451718204,0.5435606603048752,0.005643823543739333
99969.89996989997,0.2858187208691117,0.5435606551924267,0.005643823488190109
99969.99996999996,0.285818721833284,0.5435606565436291,0.005643823502871576
99970.09997009997,0.2858187228188637,0.543560657924832,0.005643823517879014
99970.19997019997,0.28581872382632617,0.5435606593367015,0.00564382353321966
99970.29997029997,0.28581872485615717,0.5435606607799187,0.005643823548900914
99970.39997039997,0.2858187211818209,0.543560655630661,0.005643823492951739
99970.49997049996,0.285818722152943,0.5435606569916029,0.0056438235077390314
99970.59997059997,0.28581872314562695,0.5435606583827619,0.005643823522854646
99970.69997069996,0.2858187241603516,0.5435606598048088,0.005643823538305875
99970.79997079997,0.28581872519760615,0.5435606612584297,0.005643823554100169
99970.89997089996,0.2858187214968123,0.543560656072094,0.005643823497748124
99970.99997099997,0.285818722474935,0.5435606574428468,0.005643823512642014
99971.09997109997,0.28581872347477516,0.5435606588440344,0.005643823527866596
99971.19997119997,0.28581872449681495,0.5435606602763329,0.005643823543429215
99971.29997129997,0.28581872085032833,0.543560655166104,0.005643823487904108
99971.39997139997,0.2858187218141038,0.5435606565167502,0.005643823502579533
99971.49997149997,0.2858187227992783,0.5435606578973853,0.005643823517580801
99971.59997159996,0.285818723806327,0.5435606593086749,0.005643823532915149
99971.69997169997,0.2858187248357356,0.5435606607513,0.0056438235485899695
99971.79997179996,0.28581872116298734,0.5435606556042679,0.005643823492664976
99971.89997189997,0.2858187221337117,0.5435606569646523,0.005643823507446211
99971.99997199998,0.28581872312598955,0.5435606583552419,0.00564382352255564
99972.09997209997,0.2858187241402994,0.5435606597767075,0.005643823538000554
99972.19997219997,0.2858187251771305,0.5435606612297349,0.005643823553788399
99972.29997229997,0.28581872147792886,0.5435606560456306,0.0056438234974606
99972.39997239997,0.2858187224556528,0.5435606574158245,0.005643823512348419
99972.49997249997,0.28581872345508585,0.5435606588164416,0.005643823527566801
99972.59997259997,0.28581872447671,0.5435606602481575,0.005643823543123088
99972.69997269996,0.28581872083178683,0.5435606551401196,0.005643823487621788
99972.79997279997,0.2858187217951708,0.5435606564902173,0.005643823502291252
99972.89997289998,0.2858187227799456,0.5435606578702922,0.0056438235172864325
99972.99997299997,0.28581872378658607,0.5435606592810099,0.005643823532614565
99973.09997309998,0.2858187248155779,0.543560660723051,0.005643823548283041
99973.19997319997,0.2858187211443972,0.5435606555782155,0.005643823492381917
99973.29997329997,0.2858187221147291,0.54356065693805,0.005643823507157177
99973.39997339997,0.2858187231066062,0.5435606583280781,0.005643823522260506
99973.49997349997,0.28581872412050696,0.5435606597489705,0.005643823537699189
99973.59997359996,0.28581872515692036,0.5435606612014123,0.005643823553480673
99973.69997369997,0.2858187214592904,0.5435606560195106,0.005643823497176805
99973.79997379998,0.28581872243662093,0.5435606573891533,0.005643823512058634
99973.89997389997,0.2858187234356523,0.5435606587892075,0.0056438235272709015
99973.99997399998,0.2858187244568663,0.5435606602203487,0.0056438235428209445
99974.09997409997,0.2858187208134863,0.5435606551144734,0.005643823487343142
99974.19997419998,0.28581872177648415,0.5435606564640298,0.005643823502006726
99974.29997429997,0.2858187227608647,0.5435606578435521,0.005643823516995904
99974.39997439997,0.2858187237671026,0.5435606592537058,0.005643823532317906
99974.49997449997,0.2858187247956834,0.5435606606951708,0.005643823547980123
99974.59997459997,0.28581872112604984,0.5435606555525037,0.0056438234921025576
99974.69997469998,0.28581872209599474,0.5435606569117957,0.005643823506871924
99974.79997479997,0.28581872308747674,0.5435606583012701,0.005643823521969235
99974.89997489998,0.285818724100974,0.5435606597215968,0.005643823537401775
99974.99997499997,0.2858187251369754,0.5435606611734615,0.005643823553176987
99975.09997509998,0.2858187214408966,0.5435606559937334,0.005643823496896737
99975.19997519997,0.28581872241783923,0.5435606573628322,0.005643823511772659
99975.29997529997,0.2858187234164745,0.5435606587623313,0.005643823526978895
99975.39997539997,0.2858187244372842,0.5435606601929057,0.005643823542522779
99975.49997549997,0.28581872079542714,0.5435606550891647,0.005643823487068166
99975.59997559998,0.2858187217580441,0.5435606564381875,0.005643823501725952
99975.69997569997,0.2858187227420358,0.5435606578171649,0.0056438235167092085
99975.79997579998,0.2858187237478768,0.5435606592267621,0.0056438235320251644
99975.89997589997,0.28581872477605225,0.5435606606676592,0.005643823547681209
99975.99997599998,0.2858187211079455,0.5435606555271316,0.00564382349182689
99976.09997609997,0.2858187220775087,0.5435606568858888,0.005643823506590445
99976.19997619998,0.28581872306860096,0.543560658274817,0.005643823521681822
99976.29997629997,0.28581872408170034,0.5435606596945862,0.005643823537108302
99976.39997639997,0.2858187251172955,0.5435606611458814,0.005643823552877327
99976.49997649998,0.2858187214227472,0.5435606559682985,0.005643823496620384
99976.59997659997,0.2858187223993074,0.5435606573368613,0.005643823511490481
99976.69997669998,0.28581872339755215,0.543560658735813,0.00564382352669077
99976.79997679997,0.28581872441796297,0.5435606601658287,0.005643823542228583
99976.89997689998,0.2858187207776086,0.5435606550641936,0.005643823486796851
99976.99997699997,0.2858187217398501,0.5435606564126901,0.005643823501448918
99977.09997709998,0.2858187227234585,0.5435606577911303,0.0056438235164263375
99977.19997719997,0.28581872372890804,0.5435606592001789,0.005643823531736333
99977.29997729998,0.2858187247566838,0.5435606606405159,0.005643823547386292
99977.39997739998,0.28581872109008344,0.5435606555020994,0.005643823491554911
99977.49997749997,0.28581872205927034,0.5435606568603293,0.005643823506312736
99977.59997759998,0.2858187230499784,0.5435606582487191,0.005643823521398263
99977.69997769997,0.28581872406268555,0.5435606596679387,0.005643823536818771
99977.79997779998,0.2858187250978802,0.5435606611186724,0.005643823552581697
99977.89997789997,0.285818721404842,0.5435606559432056,0.005643823496347747
99977.99997799998,0.285818722381025,0.5435606573112399,0.005643823511212101
99978.09997809997,0.2858187233788847,0.5435606587096522,0.005643823526406525
99978.19997819998,0.2858187243989024,0.543560660139117,0.005643823541938353
99978.29997829998,0.28581872076003045,0.5435606550395594,0.005643823486529194
99978.39997839998,0.28581872172190187,0.5435606563875374,0.005643823501175625
99978.49997849998,0.2858187227051323,0.5435606577654478,0.00564382351614729
99978.59997859997,0.285818723710196,0.5435606591739558,0.005643823531451411
99978.69997869998,0.2858187247375778,0.5435606606137406,0.005643823547095371
99978.79997879997,0.2858187210724635,0.5435606554774067,0.005643823491286619
99978.89997889998,0.28581872204127945,0.5435606568351167,0.005643823506038796
99978.99997899997,0.2858187230316087,0.5435606582229756,0.0056438235211185555
99979.09997909998,0.2858187240439291,0.5435606596416531,0.005643823536533175
99979.19997919998,0.28581872507872896,0.5435606610918337,0.005643823552290089
99979.29997929998,0.28581872138718034,0.5435606559184544,0.005643823496078821
99979.39997939998,0.2858187223629916,0.5435606572859677,0.005643823510937516
99979.49997949997,0.28581872336047176,0.5435606586838481,0.005643823526126163
99979.59997959998,0.2858187243801019,0.5435606601127696,0.005643823541652089
99979.69997969997,0.2858187207426923,0.5435606550152614,0.0056438234862651974
99979.79997979998,0.28581872170419886,0.543560656362728,0.005643823500906072
99979.89997989997,0.2858187226870568,0.5435606577401164,0.005643823515872065
99979.99997999998,0.2858187236917402,0.5435606591480913,0.005643823531170394
99980.09998009997,0.2858187247187338,0.5435606605873319,0.005643823546808441
99980.19998019998,0.28581872105508527,0.5435606554530521,0.005643823491022006
99980.29998029998,0.2858187220235356,0.5435606568102498,0.0056438235057686146
99980.39998039998,0.28581872301349165,0.5435606581975857,0.00564382352084269
99980.49998049998,0.2858187240254309,0.5435606596157292,0.005643823536251505
99980.59998059997,0.2858187250598416,0.5435606610653644,0.005643823552002494
99980.69998069998,0.2858187213697621,0.543560655894044,0.005643823495813597
99980.79998079997,0.28581872234520705,0.543560657261044,0.005643823510666712
99980.89998089998,0.28581872334231323,0.5435606586584001,0.0056438235258496625
99980.99998099997,0.2858187243615616,0.5435606600867866,0.005643823541369773
99981.09998109998,0.2858187207255942,0.5435606549912995,0.0056438234860048415
99981.19998119998,0.2858187216867412,0.543560656338262,0.005643823500640242
99981.29998129998,0.28581872266923203,0.5435606577151361,0.005643823515600644
99981.39998139998,0.2858187236735406,0.5435606591225858,0.005643823530893266
99981.49998149998,0.2858187247001515,0.5435606605612902,0.005643823546525486
99981.59998159998,0.28581872103794836,0.5435606554290361,0.005643823490761062
99981.69998169997,0.2858187220060384,0.5435606567857287,0.005643823505502184
99981.79998179998,0.28581872299562666,0.5435606581725492,0.005643823520570658
99981.89998189997,0.28581872400719044,0.5435606595901665,0.005643823535973755
99981.99998199998,0.2858187250412178,0.5435606610392645,0.005643823551718906
99982.09998209999,0.285818721352587,0.5435606558699744,0.005643823495552067
99982.19998219998,0.2858187223276709,0.5435606572364685,0.005643823510399686
99982.29998229998,0.2858187233244085,0.5435606586333083,0.005643823525577025
99982.39998239998,0.28581872434328054,0.5435606600611675,0.005643823541091406
99982.49998249998,0.2858187207087352,0.5435606549676735,0.005643823485748129
99982.59998259998,0.28581872166952793,0.5435606563141396,0.0056438235003781366
99982.69998269998,0.2858187226516571,0.5435606576905068,0.005643823515333032
99982.79998279997,0.28581872365559646,0.5435606590974391,0.005643823530620032
99982.89998289998,0.2858187246818304,0.5435606605356152,0.0056438235462465125
99982.99998299999,0.28581872102105244,0.5435606554053585,0.00564382349050379
99983.09998309998,0.2858187219887876,0.543560656761554,0.005643823505239509
99983.19998319999,0.2858187229780135,0.5435606581478667,0.005643823520302467
99983.29998329998,0.2858187239892073,0.5435606595649655,0.0056438235356999315
99983.39998339998,0.28581872502285705,0.5435606610135342,0.005643823551439332
99983.49998349998,0.28581872133565467,0.5435606558462457,0.005643823495294243
99983.59998359998,0.2858187223103831,0.5435606572122416,0.005643823510136447
99983.69998369997,0.2858187233067576,0.5435606586085725,0.005643823525308259
99983.79998379998,0.285818724325259,0.5435606600359122,0.005643823540816996
99983.89998389999,0.2858187253663787,0.5435606614949496,0.005643823556670144
99983.99998399998,0.28581872165255845,0.5435606562903587,0.005643823500119745
99984.09998409999,0.2858187226343313,0.5435606576662266,0.0056438235150692165
99984.19998419998,0.2858187236379069,0.5435606590726492,0.005643823530350679
99984.29998429999,0.28581872466376945,0.5435606605103049,0.005643823545971507
99984.39998439998,0.2858187210043966,0.5435606553820169,0.00564382349025018
99984.49998449998,0.2858187219717822,0.5435606567377225,0.005643823504980576
99984.59998459998,0.28581872296065114,0.5435606581235349,0.0056438235200380995
99984.69998469998,0.28581872397148056,0.5435606595401231,0.005643823535430016
99984.79998479999,0.28581872500475825,0.5435606609881706,0.005643823551163753
99984.89998489998,0.2858187213189638,0.5435606558228552,0.0056438234950401045
99984.99998499999,0.285818722293342,0.5435606571883601,0.005643823509876977
99985.09998509998,0.285818723289359,0.5435606585841899,0.005643823525043343
99985.19998519999,0.28581872430749533,0.5435606600110181,0.005643823540546524
99985.29998529998,0.2858187253482424,0.5435606614695333,0.005643823556393998
99985.39998539998,0.2858187216358331,0.5435606562669196,0.005643823499865085
99985.49998549998,0.2858187226172551,0.5435606576422959,0.005643823514809214
99985.59998559998,0.2858187236204725,0.5435606590482165,0.005643823530085222
99985.69998569999,0.28581872464596936,0.5435606604853597,0.005643823545700481
99985.79998579998,0.28581872098798133,0.5435606553590125,0.005643823490000241
99985.89998589999,0.2858187219550226,0.5435606567142356,0.0056438235047253935
99985.99998599998,0.28581872294354005,0.5435606580995553,0.005643823519777565
99986.09998609999,0.2858187239540107,0.5435606595156407,0.005643823535164018
99986.19998619998,0.28581872498692207,0.5435606609631747,0.0056438235508921766
99986.29998629999,0.28581872130251534,0.5435606557998042,0.005643823494789659
99986.39998639998,0.28581872227654864,0.5435606571648257,0.00564382350962128
99986.49998649998,0.2858187232722136,0.5435606585601621,0.005643823524782285
99986.59998659999,0.28581872428999056,0.5435606599864866,0.0056438235402799936
99986.69998669998,0.2858187253303707,0.5435606614444876,0.0056438235561218795
99986.79998679999,0.2858187216193519,0.5435606562438225,0.005643823499614138
99986.89998689998,0.28581872260042845,0.5435606576187147,0.005643823514553007
99986.99998699999,0.28581872360329325,0.543560659024141,0.005643823529823645
99987.09998709998,0.28581872462843005,0.5435606604607798,0.005643823545433421
99987.19998719999,0.28581872097180666,0.543560655336345,0.005643823489753959
99987.29998729998,0.285818721938509,0.543560656691093,0.0056438235044739505
99987.39998739999,0.2858187229266805,0.5435606580759279,0.005643823519520853
99987.49998749999,0.2858187239367979,0.5435606594915181,0.005643823534901927
99987.59998759998,0.2858187249693486,0.5435606609385468,0.005643823550624592
99987.69998769999,0.28581872128630914,0.5435606557770923,0.0056438234945428946
99987.79998779998,0.28581872226000293,0.5435606571416381,0.005643823509369346
99987.89998789999,0.2858187232553212,0.5435606585364887,0.0056438235245250745
99987.99998799998,0.2858187242727443,0.5435606599623173,0.005643823540017393
99988.09998809999,0.2858187253127632,0.543560661419812,0.005643823555853778
99988.19998819998,0.28581872160311433,0.5435606562210668,0.005643823499366899
99988.29998829999,0.2858187225838508,0.5435606575954823,0.005643823514300588
99988.3999884,0.28581872358636845,0.5435606590004222,0.00564382352956594
99988.49998849999,0.28581872461115093,0.5435606604365641,0.005643823545170319
99988.59998859999,0.285818720955872,0.5435606553140135,0.005643823489511329
99988.69998869998,0.28581872192224067,0.543560656668294,0.00564382350422624
99988.79998879999,0.2858187229100715,0.5435606580526516,0.005643823519267955
99988.89998889998,0.28581872391984114,0.5435606594677546,0.005643823534643734
99988.99998899999,0.2858187249520369,0.5435606609142857,0.0056438235503609956
99989.09998909998,0.2858187212703446,0.5435606557547189,0.005643823494299808
99989.19998919999,0.2858187222437042,0.5435606571187965,0.00564382350912117
99989.2999893,0.2858187232386814,0.5435606585131691,0.005643823524271702
99989.39998939999,0.28581872425575633,0.5435606599385097,0.005643823539758717
99989.4999895,0.28581872529541974,0.5435606613955061,0.005643823555589688
99989.59998959998,0.2858187215871204,0.543560656198652,0.005643823499123356
99989.69998969999,0.2858187225675222,0.5435606575725985,0.005643823514051949
99989.79998979998,0.2858187235696982,0.5435606589770596,0.005643823529312097
99989.89998989999,0.2858187245941318,0.5435606604127129,0.005643823544911164
99989.99998999998,0.2858187209401772,0.5435606552920181,0.00564382348927234
99990.09999009999,0.2858187219062175,0.5435606566458383,0.005643823503982251
99990.1999902,0.2858187228937132,0.5435606580297263,0.005643823519018862
99990.29999029999,0.2858187239031407,0.5435606594443498,0.0056438235343894295
99990.3999904,0.2858187249349872,0.5435606608903915,0.005643823550101372
99990.49999049999,0.2858187212546215,0.5435606557326841,0.0056438234940603856
99990.59999059999,0.2858187222276523,0.5435606570963007,0.005643823508876741
99990.69999069998,0.28581872322229385,0.543560658490203,0.0056438235240221625
99990.79999079999,0.2858187242390261,0.5435606599150633,0.00564382353950396
99990.89999089998,0.2858187252783397,0.5435606613715697,0.005643823555329604
99990.99999099999,0.28581872157136945,0.5435606561765784,0.005643823498883512
99991.09999109998,0.285818722551442,0.5435606575500636,0.0056438235138070916
99991.19999119999,0.28581872355328175,0.5435606589540535,0.005643823529062121
99991.2999913,0.2858187245773723,0.5435606603892259,0.005643823544655963
99991.39999139999,0.28581872092472177,0.5435606552703589,0.005643823489036998
99991.4999915,0.2858187218904391,0.5435606566237264,0.00564382350374199
99991.59999159999,0.28581872287760507,0.5435606580071524,0.00564382351877358
99991.69999169999,0.28581872388669594,0.543560659421304,0.005643823534139023
99991.79999179998,0.28581872491819876,0.5435606608668642,0.005643823549845733
99991.89999189999,0.28581872123913954,0.5435606557109876,0.005643823493824641
99991.99999199998,0.28581872221184684,0.543560657074151,0.005643823508636071
99992.09999209999,0.28581872320615825,0.5435606584675906,0.005643823523776465
99992.1999922,0.28581872422255344,0.5435606598919785,0.00564382353925313
99992.29999229999,0.28581872526152297,0.5435606613480026,0.005643823555073535
99992.3999924,0.28581872155586147,0.5435606561548454,0.005643823498647369
99992.49999249999,0.2858187225356101,0.5435606575278765,0.005643823513566015
99992.5999926,0.28581872353711935,0.5435606589314033,0.00564382352881601
99992.69999269999,0.2858187245608724,0.5435606603661026,0.005643823544404713
99992.79999279999,0.285818720909506,0.5435606552490352,0.0056438234888053
99992.89999289998,0.2858187218749056,0.5435606566019575,0.005643823503505454
99992.99999299999,0.2858187228617472,0.5435606579849288,0.005643823518532106
99993.0999931,0.28581872387050705,0.5435606593986165,0.0056438235338925075
99993.19999319999,0.28581872490167193,0.543560660843703,0.005643823549594071
99993.2999933,0.28581872122389895,0.5435606556896291,0.005643823493592563
99993.39999339999,0.2858187221962881,0.5435606570523466,0.0056438235083991475
99993.4999935,0.28581872319027474,0.543560658445331,0.005643823523534595
99993.59999359999,0.28581872420633847,0.5435606598692543,0.005643823539006213
99993.6999937,0.2858187252449696,0.5435606613248042,0.005643823554821465
99993.79999379998,0.28581872154059634,0.5435606561334524,0.0056438234984149144
99993.89999389999,0.2858187225200264,0.5435606575060372,0.005643823513328711
99993.999994,0.2858187235212104,0.5435606589091081,0.005643823528573755
99994.09999409999,0.28581872454463153,0.5435606603433424,0.005643823544157403
99994.1999942,0.28581872089452914,0.5435606552280462,0.005643823488577236
99994.29999429999,0.2858187218596163,0.5435606565805308,0.005643823503272633
99994.3999944,0.285818722846139,0.5435606579630552,0.005643823518294427
99994.49999449999,0.28581872385457335,0.5435606593762867,0.005643823533649872
99994.5999946,0.28581872488540594,0.5435606608209076,0.005643823549346375
99994.69999469999,0.2858187212088988,0.5435606556686078,0.005643823493364145
99994.79999479999,0.2858187221809752,0.5435606570308871,0.005643823508165967
99994.8999949,0.2858187231746426,0.5435606584234239,0.005643823523296553
99994.99999499999,0.28581872419038035,0.5435606598468906,0.005643823538763207
99995.0999951,0.28581872522867885,0.5435606613019743,0.0056438235545733925
99995.19999519999,0.2858187215255735,0.5435606561123993,0.0056438234981861495
99995.2999953,0.2858187225046905,0.5435606574845452,0.005643823513095178
99995.39999539999,0.2858187235055549,0.5435606588871682,0.005643823528335354
99995.4999955,0.28581872452864976,0.5435606603209452,0.0056438235439140345
99995.59999559999,0.2858187208797913,0.5435606552073924,0.005643823488352809
99995.6999957,0.2858187218445714,0.5435606565594464,0.005643823503043529
99995.7999958,0.2858187228307806,0.5435606579415314,0.005643823518060549
99995.89999589999,0.2858187238388949,0.5435606593543145,0.00564382353341112
99995.999996,0.2858187248694008,0.5435606607984775,0.00564382354910265
99996.09999609999,0.2858187211941395,0.5435606556479234,0.005643823493139387
99996.1999962,0.28581872216590837,0.5435606570097719,0.005643823507936527
99996.29999629999,0.2858187231592618,0.5435606584018691,0.005643823523062335
99996.3999964,0.28581872417467924,0.5435606598248868,0.005643823538524112
99996.49999649999,0.2858187252126507,0.5435606612795122,0.005643823554329319
99996.5999966,0.28581872151079296,0.5435606560916856,0.0056438234979610735
99996.6999967,0.2858187224896021,0.5435606574634001,0.005643823512865415
99996.7999968,0.2858187234901523,0.5435606588655828,0.005643823528100808
99996.8999969,0.28581872451292645,0.5435606602989105,0.005643823543674605
99996.99999699999,0.2858187208652918,0.5435606551870727,0.005643823488132016
99997.0999971,0.28581872182977003,0.5435606565387038,0.00564382350281814
99997.19999719999,0.2858187228156711,0.5435606579203571,0.00564382351783047
99997.2999973,0.28581872382347095,0.5435606593326995,0.005643823533176253
99997.39999739999,0.2858187248536559,0.5435606607764126,0.005643823548862895
99997.4999975,0.28581872117962015,0.543560655627576,0.005643823492918295
99997.5999976,0.2858187221510869,0.543560656989001,0.005643823507710834
99997.6999977,0.285818723144132,0.5435606583806659,0.005643823522831946
99997.7999978,0.2858187241592346,0.5435606598032424,0.005643823538288928
99997.8999979,0.2858187251968847,0.5435606612574175,0.0056438235540892424
99997.999998,0.2858187214962542,0.5435606560713109,0.005643823497739685
99998.09999809999,0.2858187224747609,0.5435606574426016,0.00564382351263942
99998.1999982,0.2858187234750024,0.5435606588443518,0.005643823527870111
99998.29999829999,0.2858187244974615,0.5435606602772378,0.0056438235434391115
99998.3999984,0.2858187208510306,0.5435606551670872,0.005643823487914853
99998.4999985,0.28581872181521223,0.5435606565183025,0.005643823502596462
99998.5999986,0.2858187228008106,0.5435606578995316,0.0056438235176041835
99998.6999987,0.2858187238083014,0.5435606593114409,0.005643823532945262
99998.7999988,0.285818724838171,0.5435606607547122,0.005643823548627102
99998.8999989,0.28581872116534074,0.5435606556075648,0.005643823492700858
99998.99999899999,0.2858187221365107,0.5435606569685738,0.005643823507488877
99999.0999991,0.2858187231292528,0.5435606583598142,0.005643823522605376
99999.19999919999,0.2858187241440462,0.5435606597819574,0.00564382353805765
99999.2999993,0.2858187251813807,0.5435606612356901,0.005643823553853159
99999.3999994,0.28581872148195714,0.5435606560512748,0.0056438234975219785
99999.4999995,0.28581872246016676,0.5435606574221492,0.005643823512417191
99999.5999996,0.28581872346010506,0.5435606588234744,0.005643823527643266
99999.6999997,0.28581872448225465,0.5435606602559266,0.005643823543207554
99999.7999998,0.2858187208370077,0.5435606551474351,0.00564382348770132
99999.8999999,0.28581872180089807,0.5435606564982424,0.005643823502378493
100000.0,0.2858187227861992,0.5435606578790547,0.005643823517381687
